Handle,Title,Body (HTML),Vendor,Product Category,Type,Tags,Published,Option1 Name,Option1 Value,Option1 Linked To,Option2 Name,Option2 Value,Option2 Linked To,Option3 Name,Option3 Value,Option3 Linked To,Variant SKU,Variant Grams,Variant Inventory Tracker,Variant Inventory Qty,Variant Inventory Policy,Variant Fulfillment Service,Variant Price,Variant Compare At Price,Variant Requires Shipping,Variant Taxable,Unit Price Total Measure,Unit Price Total Measure Unit,Unit Price Base Measure,Unit Price Base Measure Unit,Variant Barcodes,Image Src,Image Position,Image Alt Text,Gift Card,SEO Title,SEO Description,Google Shopping / Google Product Category,Google Shopping / Gender,Google Shopping / Age Group,Google Shopping / MPN,Google Shopping / Condition,Google Shopping / Custom Product,Google Shopping / Custom Label 0,Google Shopping / Custom Label 1,Google Shopping / Custom Label 2,Google Shopping / Custom Label 3,Google Shopping / Custom Label 4,Age group (product.metafields.shopify.age-group),Color (product.metafields.shopify.color-pattern),Conditioner effect (product.metafields.shopify.conditioner-effect),Constitutive ingredients (product.metafields.shopify.constitutive-ingredients),Hair care finish (product.metafields.shopify.hair-care-finish),Hair care items included (product.metafields.shopify.hair-care-items-included),Hair type (product.metafields.shopify.hair-type),Hold level (product.metafields.shopify.hold-level),Material (product.metafields.shopify.material),Product certifications & standards (product.metafields.shopify.product-certifications-standards),Product form (product.metafields.shopify.product-form),Suitable for hair type (product.metafields.shopify.suitable-for-hair-type),Target gender (product.metafields.shopify.target-gender),Variant Image,Variant Weight Unit,Variant Tax Code,Cost per item,Status,Variant Packed Length,Variant Packed Width,Variant Packed Height,Variant Packed Dimension Unit
black-bossie-co-wash,Black & Bossie Co-Wash,"<p><strong>Description:</strong></p>
<p>Cleanse, condition, detangle, and moisturize your hair with this conditioning cleanser. Enriched with VitaRich™ Nutrients and biotin to strengthen, soften, and restore thickness to dry, brittle, breakage prone hair.</p>
<ul>
<li>VitaRich™ Nutrients include Aloe Vera, Wheat Germ Oil, and ProVitamin B5</li>
<li>Promote thicker, fuller hair</li>
<li>Minimize hair breakage and dryness</li>
<li>Help seal and repair split ends</li>
<li>Family owned and operated</li>
<li>Cruelty free<br>
</li>
</ul>",Naturally Yours Beauty Supply Marketplace,Health & Beauty > Personal Care > Hair Care > Shampoo & Conditioner > Conditioners,"","",true,Title,Default Title,,,,,,,,,0.0,shopify,15,deny,manual,10.99,,true,true,,,,,"",https://cdn.shopify.com/s/files/1/0678/4863/4650/files/Black_BossieCo-Wash_2.jpg?v=1758639232,1,"",false,,,,,,,,,,,,,,all-ages; adults,,detangling; strengthening; repair; smoothing; moisturizing; cleansing,aloe-vera,,,,,,cruelty-free,,dry; brittle; thick,unisex,,lb,,,active,,,,
design-essentials-scalp-care-anti-itch-tension-relief-1,Design Essentials Scalp Care Anti-Itch & Tension Relief,"<p><meta charset=""utf-8""><span>Soothe the tightness and stop the itch. This cooling scalp treatment relieves tension, dryness, and irritation without disrupting your style.</span></p>",Naturally Yours Beauty Supply Marketplace,Health & Beauty > Personal Care > Hair Care,"","",true,Title,Default Title,,,,,,,,,0.0,shopify,15,deny,manual,10.00,,true,true,,,,,"",https://cdn.shopify.com/s/files/1/0678/4863/4650/files/DEItchy.jpg?v=1758609314,1,"",false,,,,,,,,,,,,,,,,,,,,,,,,,,unisex,,lb,,,active,,,,
design-essentials-scalp-skin-vitamin-drops,Design Essentials Scalp & Skin Vitamin Drops,"<div class=""product__description"">
<div class=""metafield-rich_text_field"">
<p>Boost scalp health at the root. These lightweight formula deliver essential vitamins that support a balanced scalp and stronger strands.<br></p>
</div>
</div>
<div class=""product__benefits grid grid-cols-2"">
<div class=""product__benefit flex gap-xxxs items-center justify-center p-xxxs border border-gray border-r-0 border-b-0 odd""><span class=""product__benefit-text"">- Scalp Stimulating</span></div>
<div class=""product__benefit flex gap-xxxs items-center justify-center p-xxxs border border-gray border-r-0 border-b-0 even""><span class=""product__benefit-text"">- Nourishing</span></div>
<div class=""product__benefit flex gap-xxxs items-center justify-center p-xxxs border border-gray border-r-0 border-b-0 odd""><span class=""product__benefit-text"">- Mineral Oil-Free</span></div>
<div class=""product__benefit flex gap-xxxs items-center justify-center p-xxxs border border-gray border-r-0 border-b-0 even""><span class=""product__benefit-text"">- Supports Hair Growth</span></div>
</div>",Naturally Yours Beauty Supply Marketplace,Health & Beauty > Personal Care > Hair Care,"","",true,Title,Default Title,,,,,,,,,0.0,shopify,15,deny,manual,10.00,,true,true,,,,,"",https://cdn.shopify.com/s/files/1/0678/4863/4650/files/DEVitaminDrops.jpg?v=1758609000,1,"",false,,,,,,,,,,,,,,,,,,,,,,,,,,unisex,,lb,,,active,,,,
essations-high-intensity-finishing-gloss,Essations High Intensity Finishing Gloss,"<p><meta charset=""utf-8"">Silkens &amp; shines hair instantly with a natural gloss!<span></span></p>
<p>This is a light gloss finisher that provides a brilliant shine on finished styles. Silkens and adds shine to the hair instantly with a natural gloss! Ideal as a style finisher for all hair types.</p>
<p>Key Benefits:<span></span></p>
<ul>
<li>Weightless shining agent containing no alcohol, water, oils or grease</li>
<li>Adds volumes of sheen to the finished style</li>
</ul>",Naturally Yours Beauty Supply Marketplace,Health & Beauty > Personal Care > Hair Care > Hair Styling Products,"","",true,Title,Default Title,,,,,,,,,0.0,shopify,15,deny,manual,0.00,,true,true,,,,,"",https://cdn.shopify.com/s/files/1/0678/4863/4650/files/EssationsFinishingGloss.jpg?v=1758608627,1,"",false,,,,,,,,,,,,,,,,,water,shiny; glossy,,wavy; straight; normal; dry; curly,,,,liquid,,unisex,,lb,,,active,,,,
itchy-scalp-bundle,Itchy Scalp Bundle,"<div>
<ul>
<li>Nairobi DANDRA-SOLV Moisturizing Shampoo</li>
<li>Nairobi DANDRA-SOLV Moisturizing Treatment Conditioner</li>
<li>Design Essentials Anti-Itch &amp; Tension Relief Oil</li>
</ul>
</div>",Naturally Yours Beauty Supply Marketplace,Health & Beauty > Personal Care > Hair Care > Shampoo & Conditioner > Shampoo & Conditioner Sets,"","",true,Title,Default Title,,,,,,,,,0.0,shopify,15,deny,manual,35.00,,true,true,,,,,"",https://cdn.shopify.com/s/files/1/0678/4863/4650/files/ItchyScalpBundle_996f5021-20e0-471a-8621-d3f0d5ad9f54.jpg?v=1758607974,1,"",false,,,,,,,,,,,,,,adults; all-ages,,,aloe-vera; tea-tree-oil,,,,,,,,sensitive; dry; all-hair-types,unisex,,lb,,,active,,,,
nairobi-hydration-system,Hydration System Bundle,"<div>
<ul>
<li>Nairobi Hydrating Detangling Shampoo</li>
<li>Nairobi DANDRA-SOLV Moisturizing Treatment Conditioner</li>
<li>Nairobi Recovery and Repair Scalp Oil</li>
</ul>
</div>",Naturally Yours Beauty Supply Marketplace,Health & Beauty > Personal Care > Hair Care > Hair Care Kits,"","",true,Title,Default Title,,,,,,,,,0.0,shopify,15,deny,manual,35.00,,true,true,,,,,"",https://cdn.shopify.com/s/files/1/0678/4863/4650/files/HydrationSystem.jpg?v=1758607403,1,"",false,,,,,,,,,,,,,,,,,,,conditioner; hair-oil; shampoo,,,,,,frizzy; dry; all-hair-types; damaged,unisex,,lb,,,active,,,,
nairobi-sheer-shine,Nairobi Sheer Shine,"<p><meta charset=""utf-8""><span>A cuticle sealant that polishes the hair, leaving it smooth, glossy, and silky. </span>Sheer Shine<span> prevents frizz and hair breakage while also keeping hair looking healthy without leaving a build-up. </span>NAIROBI Sheer Shine<span> is excellent for daily use and can be used on all types of hair.</span></p>",Naturally Yours Beauty Supply Marketplace,Health & Beauty > Personal Care > Hair Care > Hair Styling Products,"","",true,Title,Default Title,,,,,,,,,0.0,shopify,15,deny,manual,14.00,,true,true,,,,,"",https://cdn.shopify.com/s/files/1/0678/4863/4650/files/NairobiSuperShine.jpg?v=1758607182,1,"",false,,,,,,,,,,,,,,,,,water,shiny; glossy,,curly; normal; straight; dry; wavy,,,,liquid,,unisex,,lb,,,active,,,,
wash-n-go,Wash-N-Go Bundle,"<div>
<ul>
<li>Design Essentials Moisturizing &amp; Detangling Shampoo</li>
<li>Design Essentials Leave In Conditioner</li>
<li>Aunt Jackie’s Don’t Shrink Curling Gel</li>
</ul>
</div>",Naturally Yours Beauty Supply Marketplace,Health & Beauty > Personal Care > Hair Care > Hair Care Kits,"","",true,Title,Default Title,,,,,,,,,0.0,shopify,15,deny,manual,30.00,,true,true,,,,,"",https://cdn.shopify.com/s/files/1/0678/4863/4650/files/Wash-N-Go.jpg?v=1758606186,1,"",false,,,,,,,,,,,,,,,,,,,conditioner; shampoo,,,,,,all-hair-types; curly,unisex,,lb,,,active,,,,
mens-bundle,Men's Bundle,"<ul>
<li>Quality 2-pack wave cap or 1 durag</li>
<li>Hemp scalp and beard oil</li>
<li>Vitamin E beard and skin oil</li>
<li>Compact beard brush </li>
</ul>",Naturally Yours Beauty Supply Marketplace,Health & Beauty > Personal Care > Shaving & Grooming,"","",true,Title,Default Title,,,,,,,,,0.0,shopify,15,deny,manual,20.00,,true,true,,,,,"",https://cdn.shopify.com/s/files/1/0678/4863/4650/files/Men_sBunde.jpg?v=1758605678,1,"",false,,,,,,,,,,,,,,,,,,,,,,,,,,,,lb,,,active,,,,
organic-deluxe-shower-conditioning-cap,Organic Deluxe Shower & Conditioning Cap,"<div class=""product__description rte quick-add-hidden"">
<p>Shower &amp; Conditioning Cap</p>
<p>• Full 22"" size<br>• Reversible<br>• Silky satin for conditioning<br>• Soft vinyl for shower<br>• Comfrotable elastic band<br>• Stays on at night</p>
</div>",Naturally Yours Beauty Supply Marketplace,Health & Beauty > Personal Care > Cosmetics > Bath & Body > Shower Caps,"","",true,Title,Default Title,,,,,,,,,0.0,shopify,15,deny,manual,5.00,,true,true,,,,,"",https://cdn.shopify.com/s/files/1/0678/4863/4650/files/6679B961-201C-4F38-8228-D1C7CE05840D_37d89ad0-22b7-484f-a79a-6d29698c97d0.jpg?v=1758426524,1,"",false,,,,,,,,,,,,,,,purple,,,,,,,vinyl; satin,,,,,,lb,,,active,,,,
aunt-jackie-s-curls-amp-coils-don-t-shrink-flaxseed-elongating-curling-gel-3-0-oz-travel-size,Aunt Jackie’s Curls &amp; Coils Don’t Shrink Flaxseed Elongating Curling Gel,"<p><meta charset=""utf-8""><span>Gives beautiful stretch to shriveling curls without flaking or caking. This special blend of moisturizing conditioners, flaxseed, shea butter, and extra virgin olive oil will give dry, shriveled up curls and twists a nice, elongated stretch. With nourishing omega-3 fatty acids, flaxseed has been widely used as a natural remedy for hair growth, anti-thinning, and overall scalp health. Regular use leaves hair soft without a crunchy, tacky feel. </span></p>",Naturally Yours Beauty Supply Marketplace,Health & Beauty > Personal Care > Hair Care > Hair Styling Products,"","",true,Title,Default Title,,,,,,,,,85.048569375,shopify,15,deny,manual,10.00,,true,true,,,,,"",https://cdn.shopify.com/s/files/1/0678/4863/4650/files/FDB034C0-D89E-4558-9905-CECE634AF00A.jpg?v=1758426578,1,"",false,,,,,,,,,,,,,,,,,shea-butter; olive-oil,,,curly; dry,,,,gel,,unisex,,oz,,,active,,,,
difeel-different-feel-rosemary-mint-conditioner-infused-with-biotin-2-5-oz-travel-size,Difeel (Different Feel) Rosemary & Mint Conditioner Infused with Biotin,"<blockquote></blockquote>
<p>Infused with nourishing Biotin. Biotin plays an important role in the health of your hair, skin, and nails. A lack of Biotin can lead to hair loss.</p>
<ul>
<li>Helps strengthen dry damaged hair</li>
<li>Invigorating formula that promotes healthly hair growth, manageability, and shine.</li>
<li>Made proudly with natural ingredients in the USA</li>
</ul>",Naturally Yours Beauty Supply Marketplace,Health & Beauty > Personal Care > Hair Care > Shampoo & Conditioner > Conditioners,"","",true,Title,Default Title,,,,,,,,,70.8738078125,shopify,15,deny,manual,3.00,,true,true,,,,,"",https://cdn.shopify.com/s/files/1/0678/4863/4650/files/FD74C2BC-0665-4046-82CD-20CDCF1B822A.jpg?v=1758426693,1,"",false,,,,,,,,,,,,,,,,strengthening; shine,rosemary-oil; menthol,,,,,,natural-ingredients,,dry; damaged,,,oz,,,active,,,,
premium-twist-sponge-hair-brush-sponge,PREMIUM TWIST SPONGE HAIR BRUSH SPONGE,"<p>The Twist Sponge Hair Brush Sponge allows you to twist your hair effortlessly at any time and place. Equipped with the ARFO Twist-FCEE comb, this premium brush sponge offers expert styling for flawless twists.</p>",Naturally Yours Beauty Supply Marketplace,Health & Beauty > Personal Care > Hair Care > Hair Styling Tools > Combs & Brushes,"","",true,Title,Default Title,,,,,,,,,0.0,shopify,15,deny,manual,5.00,,true,true,,,,,"",https://cdn.shopify.com/s/files/1/0678/4863/4650/files/F479685B-816A-4E86-95A1-1F086F4AAAF8.jpg?v=1758426741,1,"",false,,,,,,,,,,,,,,,black,,,,,,,,,,,,,lb,,,active,,,,
design-essentials-agave-lavender-serum,Design Essentials Agave & Lavender Serum,"<div class=""product__metafields my-xs flex flex-col gap-xs"">
<div class=""product__description"">
<div class=""metafield-rich_text_field"">
<p>Protect, smooth, and shine—all in one step. This lightweight serum shields hair from heat, fights frizz, and leaves every strand silky and radiant.</p>
</div>
</div>
<div class=""product__benefits grid grid-cols-2"">
<div class=""product__benefit flex gap-xxxs items-center justify-center p-xxxs border border-gray border-r-0 border-b-0 odd""><span class=""product__benefit-text"">- Heat Protection</span></div>
<div class=""product__benefit flex gap-xxxs items-center justify-center p-xxxs border border-gray border-r-0 border-b-0 even""><span class=""product__benefit-text"">- Adds Shine</span></div>
<div class=""product__benefit flex gap-xxxs items-center justify-center p-xxxs border border-gray border-r-0 border-b-0 odd""><span class=""product__benefit-text"">- Split-end Protection</span></div>
<div class=""product__benefit flex gap-xxxs items-center justify-center p-xxxs border border-gray border-r-0 border-b-0 even""><span class=""product__benefit-text"">- Frizz Control</span></div>
</div>
</div>",Naturally Yours Beauty Supply Marketplace,Health & Beauty > Personal Care > Hair Care,"","",true,Title,Default Title,,,,,,,,,0.0,shopify,15,deny,manual,13.00,,true,true,,,,,"",https://cdn.shopify.com/s/files/1/0678/4863/4650/files/DE_A_L_thermal_protectant_serum.jpg?v=1768264726,1,"",false,,,,,,,,,,,,,,,,,,,,,,,,,,,,lb,,,active,,,,
ana-beauty-5-in-1-edge-brush,Ana Beauty 5 in 1 Edge Brush,"<p>~ 5 in 1 : Pick, 2 Combs, Brush, and Applicator. </p>
<p>~ Smooth, gentle, and Mess-Free.</p>",Naturally Yours Beauty Supply Marketplace,Health & Beauty > Personal Care > Hair Care > Hair Styling Tools > Combs & Brushes > Hairbrushes & Combs,"","",true,Title,Default Title,,,,,,,,,0.0,shopify,15,deny,manual,3.00,,true,true,,,,,"",https://cdn.shopify.com/s/files/1/0678/4863/4650/files/B8A3D6DD-83BC-4C95-A1F7-45DF1EFEC5F3.jpg?v=1758426841,1,"",false,,,,,,,,,,,,,,,yellow,,,,,,,,,,,,,lb,,,active,,,,
got2b®-glued-spiking-glue,göt2b® | Glued Spiking Glue,"<p><meta charset=""utf-8""><span>Spike it, twist it or create the style of your choice, the Got2b glued styling spiking glue is the perfect way to get your hair to stay the way you want it to</span></p>
<div class=""heliux-text__wrapper limited-container apply-margins  small_text-customization"" id=""text-9814c69aa3"" data-components=""CopyToClipboard"" data-components-params-copytoclipboard='{
            ""hoverMessage"": """",
            ""clickMessage"": """"
        }' data-components-params-limittext='{
            ""useModal"": false, 
            ""XFContentPath"": """"
        }'>
<ul>
<li>Create stand up spikes</li>
</ul>
</div>
<div class=""heliux-text__wrapper limited-container apply-margins  small_text-customization"" id=""text-93cd9ae9dc"" data-components=""CopyToClipboard"" data-components-params-copytoclipboard='{
            ""hoverMessage"": """",
            ""clickMessage"": """"
        }' data-components-params-limittext='{
            ""useModal"": false, 
            ""XFContentPath"": """"
        }'>
<ul>
<li>or use for an unstructured, messy look</li>
</ul>
</div>
<div class=""heliux-text__wrapper limited-container apply-margins  small_text-customization"" id=""text-ce23a3ffad"" data-components=""CopyToClipboard"" data-components-params-copytoclipboard='{
            ""hoverMessage"": """",
            ""clickMessage"": """"
        }' data-components-params-limittext='{
            ""useModal"": false, 
            ""XFContentPath"": """"
        }'>
<ul>
<li>Hold so strong, your style will last</li>
</ul>
</div>
<div class=""heliux-text__wrapper limited-container apply-margins  small_text-customization"" id=""text-60dd5a4d81"" data-components=""CopyToClipboard"" data-components-params-copytoclipboard='{
            ""hoverMessage"": """",
            ""clickMessage"": """"
        }' data-components-params-limittext='{
            ""useModal"": false, 
            ""XFContentPath"": """"
        }'>
<ul>
<li>Tested to withstand intense wind</li>
</ul>
</div>
<div id=""inlinesection-aed9c53ebf"" class=""inlinesection__base limited-container customizations__inlinesection"">
<div class=""heliux-text__wrapper limited-container apply-margins  customizations__text"" id=""text-4acea45f9f"" data-components=""CopyToClipboard"" data-components-params-copytoclipboard='{
            ""hoverMessage"": """",
            ""clickMessage"": """"
        }' data-components-params-limittext='{
            ""useModal"": false, 
            ""XFContentPath"": """"
        }'>
<p>✔ High Hold</p>
</div>
</div>",Naturally Yours Beauty Supply Marketplace,Health & Beauty > Personal Care > Hair Care > Hair Styling Products,"","",true,Title,Default Title,,,,,,,,,0.0,shopify,15,deny,manual,0.00,,true,true,,,,,"",https://cdn.shopify.com/s/files/1/0678/4863/4650/files/A5F5D80C-C7B1-4CF0-B9D2-B5670CDDFD2A.jpg?v=1758426879,1,"",false,,,,,,,,,,,,,,,,,,,,,strong,,,,,unisex,,lb,,,active,,,,
design-essentials-scalp-care-vitamin-drops,Design Essentials Scalp Care Vitamin Drops,"<div class=""product__description"">
<div class=""metafield-rich_text_field"">
<p>Boost scalp health at the root. These lightweight formula deliver essential vitamins that support a balanced scalp and stronger strands.<br></p>
</div>
</div>
<div class=""product__benefits grid grid-cols-2"">
<div class=""product__benefit flex gap-xxxs items-center justify-center p-xxxs border border-gray border-r-0 border-b-0 odd""><span class=""product__benefit-text"">- Scalp Stimulating</span></div>
<div class=""product__benefit flex gap-xxxs items-center justify-center p-xxxs border border-gray border-r-0 border-b-0 even""><span class=""product__benefit-text"">- Nourishing</span></div>
<div class=""product__benefit flex gap-xxxs items-center justify-center p-xxxs border border-gray border-r-0 border-b-0 odd""><span class=""product__benefit-text"">- Mineral Oil-Free</span></div>
<div class=""product__benefit flex gap-xxxs items-center justify-center p-xxxs border border-gray border-r-0 border-b-0 even""><span class=""product__benefit-text"">- Supports Hair Growth</span></div>
</div>",Naturally Yours Beauty Supply Marketplace,Health & Beauty > Personal Care > Hair Care,"","",false,Title,Default Title,,,,,,,,,0.0,shopify,15,deny,manual,10.00,,true,true,,,,,"",https://cdn.shopify.com/s/files/1/0678/4863/4650/files/DE_Vitamin_E_Drops.jpg?v=1768264805,1,"",false,,,,,,,,,,,,,,,,,,,,,,,,,,unisex,,lb,,,draft,,,,
red-premium-bow-wow-x-twist-king-luxury-twist-styler-washable-durable,Red Premium Bow Wow X Twist King Luxury Twist Styler - Washable & Durable,"<p><span>7"" x 3.5"" Luxury Twist Styler Comb That Lasts Forever! Perfect twist brush for easy and quick styling.</span></p>
<p><span>• Durable, Washable Quick-Styling<br>• Comfortable Handling<br>• 2X longevity than regular sponge<br>• Always use as clean brush<br>• Ergonomic Shape<br>• Define curls like PRO specially designed texture for better grabbing hair<br>• Portable size<br>• For natural men's coil hair</span></p>",Naturally Yours Beauty Supply Marketplace,Health & Beauty > Personal Care > Hair Care > Hair Styling Tools > Combs & Brushes,"","",true,Title,Default Title,,,,,,,,,0.0,shopify,15,deny,manual,15.00,,true,true,,,,,"",https://cdn.shopify.com/s/files/1/0678/4863/4650/files/Red_Twist_King_Tool.jpg?v=1768264888,1,"",false,,,,,,,,,,,,,,,red,,,,,,,,,,,,,lb,,,active,,,,
arlos-pro-growth-beard-oil-bergamot-juniper-2-5-oz,Arlo's Pro Growth Beard Oil - Bergamot Juniper,"<p>Arlo's Pro-growth formula is both a beard and hair oil that provides a boost to overall hair growth.  This Bergamot Juniper scented beard oil will give your beard a rich, smooth finish, while providing a boost to beard hair growth.</p>
<h3>Arlo's Bergamot Juniper Pro Growth Beard Oil<br>
</h3>
<ul>
<li><em>Bergamot Juniper Scent</em></li>
<li>Strengthens</li>
<li><em>Adds shine</em></li>
<li><em>Tames</em></li>
<li><em>Provides a rich, full finish</em></li>
<li><em>Boosts hair growth</em></li>
<li><em>Improves thickness</em></li>
</ul>",Naturally Yours Beauty Supply Marketplace,Health & Beauty > Personal Care > Shaving & Grooming,"","",true,Title,Default Title,,,,,,,,,70.8738078125,shopify,15,deny,manual,8.00,,true,true,,,,,"",https://cdn.shopify.com/s/files/1/0678/4863/4650/files/Arlo_s_Beard_Oil.jpg?v=1768265069,1,"",false,,,,,,,,,,,,,,,,,,,,,,,,,,,,oz,,,active,,,,
annie-paddle-cushion-brush,Annie Paddle Cushion Brush,"<p><meta charset=""utf-8""><em></em><span>- Suitable for all lengths and textures of hair</span><br><span>- Great for hair styling</span><br><span>- Adds volume and Shine</span><br><span>- Promotes healthy luxurious hair</span></p>",Naturally Yours Beauty Supply Marketplace,Health & Beauty > Personal Care > Hair Care > Hair Styling Tools > Combs & Brushes > Paddle Hairbrushes,"","",true,Title,Default Title,,,,,,,,,0.0,shopify,15,deny,manual,4.00,,true,true,,,,,"",https://cdn.shopify.com/s/files/1/0678/4863/4650/files/2F77558A-8141-4C07-9905-5863E432D52B.jpg?v=1755709027,1,"",false,,,,,,,,,,,,,,,black,,,,,,,,,,,,,lb,,,active,,,,
ebin-wonder-lace-bond-extreme-firm-hold-adhesive-spray,EBIN Wonder Lace Bond Extreme Firm Hold Adhesive Spray,"<p><meta charset=""utf-8""><span>The Wonder Lace Bond Adhesive Spray, the ultimate lace spray designed to secure your wig. Seamlessly blends into your hairline, providing a natural look that enhances your wig's appearance. Perfect for lace front wigs, toupees, and hairpieces, this adhesive spray ensures a secure and flawless finish every time.</span></p>",Naturally Yours Beauty Supply Marketplace,Apparel & Accessories > Clothing Accessories > Hair Accessories > Wig Accessories,"","",true,Title,Default Title,,,,,,,,,0.0,shopify,15,deny,manual,11.00,,true,true,,,,,"",https://cdn.shopify.com/s/files/1/0678/4863/4650/files/EBIN_Wonder_Lace_Bond_Adhesive_Spray.jpg?v=1768265134,1,"",false,,,,,,,,,,,,,,,,,,,,,,,,,,,,lb,,,active,,,,
design-essentials-scalp-care-anti-itch-tension-relief,Design Essentials Scalp Care Anti-Itch & Tension Relief,"<p><meta charset=""utf-8""><span>Soothe the tightness and stop the itch. This cooling scalp treatment relieves tension, dryness, and irritation without disrupting your style.</span><br></p>",Naturally Yours Beauty Supply Marketplace,Health & Beauty > Personal Care > Hair Care,"","",true,Title,Default Title,,,,,,,,,0.0,shopify,15,deny,manual,10.00,,true,true,,,,,"",https://cdn.shopify.com/s/files/1/0678/4863/4650/files/DE_Anti-itch_and_Tension_Relief.jpg?v=1768265190,1,"",false,,,,,,,,,,,,,,,,,,,,,,,,,,unisex,,lb,,,active,,,,
design-essentials-almond-avocado-honey-shea-edge-tamer,Design Essentials Almond & Avocado Honey & Shea Edge Tamer,"<p><meta charset=""utf-8""><span>Design Essentials Almond &amp; Avocado Honey &amp; Shea Edge Tamer is a moisturizing, firm-hold edge control gel that provides brilliant shine and frights frizz. Enriched with nourishing honey and shea, it smooths and lays down the hairline without flaking and appearing dry. Ideal for ponytails, braids and any styling that requires smooth edges. Free from parabens, paraffins. silicones, mineral oil. 60% More. <meta charset=""utf-8"">Natural hair. Maintain all curl types. </span></p>",Naturally Yours Beauty Supply Marketplace,Health & Beauty > Personal Care > Hair Care > Hair Styling Products,"","",true,Title,Default Title,,,,,,,,,0.0,shopify,15,deny,manual,16.00,,true,true,,,,,"",https://cdn.shopify.com/s/files/1/0678/4863/4650/files/5D71A581-9751-4230-A337-8F0FF3E26704.jpg?v=1758427483,1,"",false,,,,,,,,,,,,,,,,,almond-oil; avocado-oil; honey; shea-butter,shiny,,,,,,gel,,unisex,,lb,,,active,,,,
ebin-24-hour-edge-tamer,EBIN 24 Hour Edge Tamer,"Extreme hold for all hair types, including 4C. No white flaking and humidity resistant. Perfect travel size!",Naturally Yours Beauty Supply Marketplace,Health & Beauty > Personal Care > Hair Care > Hair Styling Products,Moisturizing and Shine Hair Cream,"",true,Title,Default Title,,,,,,,,"",76.5437124375,shopify,4,deny,manual,10.00,,true,true,,,,,"",https://cdn.shopify.com/s/files/1/0678/4863/4650/files/EBINEdgeControl.jpg?v=1699064136,1,"",false,,,1901,,,,,,,,,,,,,,,,,,,,,,,,,oz,,8.99,active,,,,
nappy-styles-beard-and-hair-oil,Nappy Styles Beard and Hair Oil,"<p class=""mb-4"" data-mce-fragment=""1"">Light weight Beard and Hair oil enriched with Vitamin E, Shea Butter and Black Castor Oil. Perfectly blended to add shine and moisture.</p>",Naturally Yours Beauty Supply Marketplace,,Moisturizing and Shine Hair Cream,"",true,Title,Default Title,,,,,,,,"",113.3980925,shopify,3,deny,manual,10.00,,true,true,,,,,"",https://cdn.shopify.com/s/files/1/0678/4863/4650/files/NappyStylesbeardandhairoil.jpg?v=1699063852,1,"",false,,,,,,,,,,,,,,,,,,,,,,,,,,,,oz,,,active,,,,
eco-olive-oil-styling-gel,ECO Olive Oil Styling Gel,"Contains pure Olive Oil for deep down conditioning while maintaining maximum hold. Alcohol-free, with no flaking.",Naturally Yours Beauty Supply Marketplace,,Moisturizing and Shine Hair Cream,"",true,Title,Default Title,,,,,,,,"",226.796185,shopify,7,deny,manual,5.00,,true,true,,,,,"",https://cdn.shopify.com/s/files/1/0678/4863/4650/files/ECO_Olive_Oil_Styling_Gel.jpg?v=1768265240,1,"",false,,,,,,,,,,,,,,,,,,,,,,,,,,,,oz,,,active,,,,
design-essentials-sleek-max-edge-control-60-more,Design Essentials Sleek Max Edge Control (60% more!),"Smoothing gel that provides long-lasting, strong, and manageable hold for the hairline.",Naturally Yours Beauty Supply Marketplace,,Moisturizing and Shine Hair Cream,"",true,Title,Default Title,,,,,,,,"",104.8932355625,shopify,0,deny,manual,12.00,,true,true,,,,,"",https://cdn.shopify.com/s/files/1/0678/4863/4650/files/DESleekMaxEdgeControl.jpg?v=1699062628,1,"",false,,,,,,,,,,,,,,,,,,,,,,,,,,,,oz,,,active,,,,
got2b-glued-blasting-freeze-spray,Got2b Glued Blasting Freeze Spray,Lock in that style with this blasting hold.,Naturally Yours Beauty Supply Marketplace,Health & Beauty,Moisturizing and Shine Hair Cream,"",true,Title,Default Title,,,,,,,,"",340.1942775,shopify,5,deny,manual,13.00,,true,true,,,,,"",https://cdn.shopify.com/s/files/1/0678/4863/4650/files/got2bfreezespray.jpg?v=1699062289,1,"",false,,,,,,,,,,,,,,,,,,,,,,,,,,,,oz,,,active,,,,
aunt-jackies-moisture-intensive-leave-in-conditioner,Aunt Jackie's Moisture Intensive Leave-In Conditioner,Perfect travel size Leave-In conditioner for styling without leaving the hair feeling too heavy.,Naturally Yours Beauty Supply Marketplace,Health & Beauty,"","",true,Title,Default Title,,,,,,,,"",1360.77711,shopify,6,deny,manual,5.00,,true,true,,,,,"",https://cdn.shopify.com/s/files/1/0678/4863/4650/files/AuntJackie_sQuench_Moisture.jpg?v=1768265310,1,"",false,,,,,,,,,,,,,,,,,,,,,,,,,,,,lb,,4.30,active,,,,
aunt-jackies-butter-creme-intensive-moisture-sealant,Aunt Jackie's Butter Creme Intensive Moisture Sealant,"Perfect travel size Leave-in conditioner containing Shea Butter, Monoi, and Rosemary Extract. Also contains coconut oil to seal in moisture.",Naturally Yours Beauty Supply Marketplace,Health & Beauty,"","",true,Title,Default Title,,,,,,,,"",85.048569375,shopify,6,deny,manual,5.00,,true,true,,,,,"",https://cdn.shopify.com/s/files/1/0678/4863/4650/files/AuntJackie_sButterCreme.jpg?v=1699061299,1,"",false,,,,,,,,,,,,,,,,,,,,,,,,,,,,oz,,,active,,,,
essations-creme-shine,Essations Creme Shine,Light hairdressing cream that adds a natural sheen and moisture to the hair.,Naturally Yours Beauty Supply Marketplace,Health & Beauty > Personal Care > Hair Care,Moisturizing and Shine Hair Cream,"Hair Moisturizer, Hair Sheen",true,Title,Default Title,,,,,,,,"",0.0,shopify,9,deny,manual,15.99,,true,true,,,,,"",https://cdn.shopify.com/s/files/1/0678/4863/4650/files/Essations_Creme_Shine.jpg?v=1768275431,1,"",false,,,,,,,,,,,,,,,,,,,,,,,,,,,,lb,,,active,,,,
nairobi-foam,Nairobi Foam,Wrap-it Shine Foaming Lotion,Naturally Yours Beauty Supply Marketplace,,"","",true,Title,Default Title,,,,,,,,"",0.0,shopify,18,deny,manual,12.00,,true,true,,,,,"",https://cdn.shopify.com/s/files/1/0678/4863/4650/products/Nairobi_Foam.jpg?v=1768272249,1,"",false,,,,,,,,,,,,,,,,,,,,,,,,,,,,lb,,,active,,,,
men-s-skincare-conditioner,Men’s Skincare Conditioner,"",Naturally Yours Beauty Supply Marketplace,,"","",true,Title,Default Title,,,,,,,,"",0.0,shopify,0,deny,manual,0.00,,true,true,,,,,"",,,,false,,,,,,,,,,,,,,,,,,,,,,,,,,,,lb,,,active,,,,
men-s-skincare-wash,Men’s Skincare Wash,"",Naturally Yours Beauty Supply Marketplace,,"","",true,Title,Default Title,,,,,,,,"",0.0,shopify,0,deny,manual,9.99,,true,true,,,,,"",https://cdn.shopify.com/s/files/1/0678/4863/4650/products/PXL_20220221_021622171.PORTRAIT.jpg?v=1758427656,1,"",false,,,,,,,,,,,,,,,,,,,,,,,,,,,,lb,,,active,,,,
men-s-skincare-wash,,,,,,,,,,,,,,,,,,,,,,,,,,,,,,,"",https://cdn.shopify.com/s/files/1/0678/4863/4650/products/PXL_20220221_021400795.PORTRAIT.jpg?v=1758427687,2,"",,,,,,,,,,,,,,,,,,,,,,,,,,,,,,,,,,,,
regular-bonnet,Regular Bonnet,"",Naturally Yours Beauty Supply Marketplace,,"","",true,Title,Default Title,,,,,,,,"",0.0,shopify,5,deny,manual,6.99,,true,true,,,,,"",https://cdn.shopify.com/s/files/1/0678/4863/4650/products/IMG_2915.jpg?v=1681490043,1,"",false,,,,,,,,,,,,,,,,,,,,,,,,,,,,lb,,,active,,,,
regular-bonnet,,,,,,,,,,,,,,,,,,,,,,,,,,,,,,,"",https://cdn.shopify.com/s/files/1/0678/4863/4650/products/PXL_20220221_021724385.jpg?v=1758427725,2,"",,,,,,,,,,,,,,,,,,,,,,,,,,,,,,,,,,,,
jewel-bonnet,Ms.Remi Silky Satin Jewel Bonnet X Jumbo Black,"",Naturally Yours Beauty Supply Marketplace,,"","",true,Title,Default Title,,,,,,,,'107,0.0,,0,deny,manual,8.75,,true,true,,,,,"",https://cdn.shopify.com/s/files/1/0678/4863/4650/products/IMG_2914.jpg?v=1681490019,1,"",false,,,,,,,,,,,,,,,,,,,,,,,,,,,,lb,,,active,,,,
legacy-hair-oil,Legacy Hair Oil,"",Naturally Yours Beauty Supply Marketplace,,"","",true,Title,Default Title,,,,,,,,'00057,0.0,,0,deny,manual,20.00,,true,true,,,,,"",https://cdn.shopify.com/s/files/1/0678/4863/4650/products/IMG_2913.jpg?v=1681489999,1,"",false,,,,,,,,,,,,,,,,,,,,,,,,,,,,lb,,,active,,,,
naked-whipped-conditioner,Naked Honey & Almond Moisture Whip Conditioner 8 oz.,"",Naturally Yours Beauty Supply Marketplace,,"","",true,Title,Default Title,,,,,,,,'00030,0.0,,0,deny,manual,24.75,,true,true,,,,,"",https://cdn.shopify.com/s/files/1/0678/4863/4650/products/IMG_2911.webp?v=1681489981,1,"",false,,,,,,,,,,,,,,,,,,,,,,,,,,,,lb,,,active,,,,
naked-shampoo,Naked Honey & Almond Shampoo 8 oz.,"",Naturally Yours Beauty Supply Marketplace,,"","",true,Title,Default Title,,,,,,,,'00033,0.0,,0,deny,manual,22.25,,true,true,,,,,"",https://cdn.shopify.com/s/files/1/0678/4863/4650/products/IMG_2910.webp?v=1681489961,1,"",false,,,,,,,,,,,,,,,,,,,,,,,,,,,,lb,,,active,,,,
nairobi-conditioner,Nairobi Moisture Conditioner 8 oz.,"",Naturally Yours Beauty Supply Marketplace,,"","",true,Title,Default Title,,,,,,,,'00036,0.0,,0,deny,manual,12.99,,true,true,,,,,"",https://cdn.shopify.com/s/files/1/0678/4863/4650/products/Nairobi_Moisture_Conditioner.jpg?v=1768265360,1,"",false,,,,,,,,,,,,,,,,,,,,,,,,,,,,lb,,,active,,,,
nairobi-hydrating-shampoo,Nairobi Moisturizing Shampoo,Therapeutic Dandra-Solv Moisturizing Shampoo,Naturally Yours Beauty Supply Marketplace,,"","",true,Title,Default Title,,,,,,,,"",0.0,shopify,4,deny,manual,10.99,,true,true,,,,,"",https://cdn.shopify.com/s/files/1/0678/4863/4650/products/Nairobi_Moisturizing_Shampoo.jpg?v=1768275529,1,"",false,,,,,,,,,,,,,,,,,,,,,,,,,,,,lb,,,active,,,,
de-curling-custard,Design Essentials Natural Hair Honey Curl Forming Custard 12oz.,"",Naturally Yours Beauty Supply Marketplace,,"","",true,Title,Default Title,,,,,,,,'00026,0.0,,0,deny,manual,18.99,,true,true,,,,,"",https://cdn.shopify.com/s/files/1/0678/4863/4650/products/4__51227.1657035015.jpg?v=1681489496,1,"",false,,,,,,,,,,,,,,,,,,,,,,,,,,,,lb,,,active,,,,
de-curly-mousse,Design Essentials Natural Hair Almond & Avocado Curl Enhancing Mousse 7.5 oz,"",Naturally Yours Beauty Supply Marketplace,,"","",true,Title,Default Title,,,,,,,,'00018,212.6214234375,shopify,0,deny,manual,9.99,,true,true,,,,,"",https://cdn.shopify.com/s/files/1/0678/4863/4650/products/IMG_2904.jpg?v=1681489617,1,"",false,,,,,,,,,,,,,,,,,,,,,,,,,,,,oz,,,active,,,,
de-leave-in-conditioner,Design Essentials Natural Hair Almond & Avocado Leave-in Conditioner 12 oz.,"",Naturally Yours Beauty Supply Marketplace,,"","",true,Title,Default Title,,,,,,,,'00017,0.0,,0,deny,manual,13.99,,true,true,,,,,"",https://cdn.shopify.com/s/files/1/0678/4863/4650/products/252_source_1606775621.jpg?v=1681489278,1,"",false,,,,,,,,,,,,,,,,,,,,,,,,,,,,lb,,,active,,,,
design-essentials-de-shampoo,Design Essentials Natural Hair Almond & Avocado Daily Moisturizing Shampoo 12 oz.,"",Naturally Yours Beauty Supply Marketplace,,"","",true,Title,Default Title,,,,,,,,'00044,0.0,,0,deny,manual,13.99,,true,true,,,,,"",https://cdn.shopify.com/s/files/1/0678/4863/4650/products/243_source_1606766174_1.jpg?v=1681489017,1,"",false,,,,,,,,,,,,,,,,,,,,,,,,,,,,lb,,,active,,,,
naturally-yours-wash-go-bundle,"Naturally Yours ""Wash & Go"" Bundle","<meta charset=""utf-8"">
<div data-mce-fragment=""1"">
<meta charset=""utf-8"">
<div>Design essentials avocado shampoo<br>
</div>
<div></div>
<div>Design essentials avocado conditioner</div>
<div></div>
<div>Curl forming custard</div>
</div>",Naturally Yours Beauty Supply Marketplace,Uncategorized,"","",false,Title,Default Title,,,,,,,,B0003,0.0,,0,deny,manual,45.00,,true,true,,,,,"",https://cdn.shopify.com/s/files/1/0678/4863/4650/products/Screenshot2023-02-14at8.35.07PM_09463ad0-f443-4dcb-89c1-512a6b3f4f29.png?v=1758427786,1,"",false,,,,,,,,,,,,,,,,,,,,,,,,,,,,lb,,,draft,,,,
naturally-yours-on-the-go-bundle,"Naturally Yours ""On The Go"" Bundle","<meta charset=""utf-8"">
<div data-mce-fragment=""1"">
<meta charset=""utf-8"">
<div></div>
<meta charset=""utf-8"">
<p data-mce-fragment=""1"">On The Edge edge-control</p>
<div data-mce-fragment=""1"">Comb</div>
<div data-mce-fragment=""1""></div>
<div data-mce-fragment=""1""></div>
<div data-mce-fragment=""1"">Brush</div>
<div data-mce-fragment=""1""></div>
<div data-mce-fragment=""1""></div>
<div data-mce-fragment=""1"">Bonnet</div>
</div>",Naturally Yours Beauty Supply Marketplace,Uncategorized,"","",false,Title,Default Title,,,,,,,,B0001,0.0,,0,deny,manual,18.00,,true,true,,,,,"",https://cdn.shopify.com/s/files/1/0678/4863/4650/products/Screenshot2023-02-14at8.35.07PM_0e55cbe2-3913-40ef-a674-0ded433e7974.png?v=1758427815,1,"",false,,,,,,,,,,,,,,,,,,,,,,,,,,,,lb,,,draft,,,,
naturally-yours-dandruff-bundle,"Naturally Yours ""Dandruff"" Bundle","<meta charset=""utf-8"">
<div data-mce-fragment=""1"">
<meta charset=""utf-8"">
<div>Dandruff box</div>
<div>Dandra solv shampoo</div>
<div>Dandra solv conditioner</div>
<div>Design essentials oil</div>
</div>",Naturally Yours Beauty Supply Marketplace,Uncategorized,"","",false,Title,Default Title,,,,,,,,B0004,0.0,,0,deny,manual,45.00,,true,true,,,,,"",https://cdn.shopify.com/s/files/1/0678/4863/4650/products/Screenshot2023-02-14at8.35.07PM_256f8e16-2263-4eb5-837e-fd6d763e0649.png?v=1758427857,1,"",false,,,,,,,,,,,,,,,,,,,,,,,,,,,,lb,,,draft,,,,
naturally-yours-moisturizing-bundle,"Naturally Yours ""Moisturizing"" Bundle","<meta charset=""utf-8"">
<div data-mce-fragment=""1"">Moisturizing kit</div>
<div data-mce-fragment=""1"">Processing cap</div>
<div data-mce-fragment=""1"">Nairobi Moisturize repair shampoo</div>
<div data-mce-fragment=""1"">Moisturize Whip Conditioner</div>",Naturally Yours Beauty Supply Marketplace,Uncategorized,"","",false,Title,Default Title,,,,,,,,B0005,0.0,,0,deny,manual,40.00,,true,true,,,,,"",https://cdn.shopify.com/s/files/1/0678/4863/4650/products/Screenshot2023-02-14at8.35.07PM.png?v=1758427897,1,"",false,,,,,,,,,,,,,,,,,,,,,,,,,,,,lb,,,draft,,,,
design-essentials-curl-enhancing-mousse-10-oz,Design Essentials Curl Enhancing Mousse 10 oz.,"<div class=""YMPh6 qrYeE _1wrUv PI6hD qIhA8"" data-mce-fragment=""1""><br></div>
<section class=""sNnTM"" id=""productDescriptionContainer"" data-automation-id="""" aria-label=""productDescription"" data-mce-fragment=""1"">
<div class=""l-trT t689a _6owYL lSBq5 -aIwF u9-mq XuOIo WA7QS zT2Pc NyGue Lf8CI"" data-mce-fragment=""1"">
<div data-mce-fragment=""1"">
<p data-mce-fragment=""1"">Make those curls POP in an instant! Our Design Essentials® Natural Almond &amp; Avocado Curl Enhancing Mousse is a lightweight foam that turns up curl definition, separates curls, and reduces frizz on all curl types.<br data-mce-fragment=""1""><br data-mce-fragment=""1"">This mousse is uniquely formulated with wheat protein, an ingredient that penetrates the hair cuticle for stronger, healthier-looking hair. Styling with this gives you a soft, pliable hold and leaves a luminous shine sure to turn heads.</p>
</div>
</div>
</section>",Naturally Yours Beauty Supply Marketplace,,"","",true,Title,Default Title,,,,,,,,'75408,283.49523125,shopify,6,deny,manual,12.99,14.99,true,true,,,,,'00947,https://cdn.shopify.com/s/files/1/0678/4863/4650/products/DECurlingMousse.jpg?v=1668391993,1,"",false,,,,,,,,,,,,,,,,,,,,,,,,,,,,oz,,11.99,active,,,,
